{
  "alcoholic": 0.8500000000000001,
  "aldehydic": 0.9,
  "alliaceous": 0.45,
  "almond": 0.8,
  "animal": 0.75,
  "anisic": 0.25,
  "apple": 0.9,
  "apricot": 0.8500000000000001,
  "aromatic": 0.8500000000000001,
  "balsamic": 0.9,
  "banana": 0.75,
  "berry": 0.9,
  "burnt": 0.6000000000000001,
  "buttery": 0.8500000000000001,
  "camphoreous": 0.9,
  "caramellic": 0.8500000000000001,
  "cheesy": 0.9,
  "cherry": 0.9,
  "chicken": 0.8,
  "chocolate": 0.30000000000000004,
  "cinnamon": 0.4,
  "citrus": 0.9,
  "cocoa": 0.8500000000000001,
  "coconut": 0.8500000000000001,
  "coffee": 0.9,
  "cognac": 0.7000000000000001,
  "coumarinic": 0.45,
  "creamy": 0.8500000000000001,
  "cucumber": 0.25,
  "dairy": 0.9,
  "dry": 0.7000000000000001,
  "earthy": 0.9,
  "ethereal": 0.8500000000000001,
  "fatty": 0.9,
  "fermented": 0.8,
  "fishy": 0.35000000000000003,
  "floral": 0.9,
  "fresh": 0.8500000000000001,
  "fruity": 0.9,
  "garlic": 0.7000000000000001,
  "gasoline": 0.05,
  "grape": 0.8,
  "grapefruit": 0.8,
  "grassy": 0.9,
  "green": 0.9,
  "hay": 0.55,
  "hazelnut": 0.7000000000000001,
  "herbal": 0.8500000000000001,
  "honey": 0.9,
  "leafy": 0.8,
  "leathery": 0.35000000000000003,
  "lemon": 0.8500000000000001,
  "meaty": 0.65,
  "medicinal": 0.9,
  "melon": 0.7000000000000001,
  "metallic": 0.6000000000000001,
  "milky": 0.2,
  "mint": 0.8,
  "mushroom": 0.8500000000000001,
  "musk": 0.8,
  "musty": 0.65,
  "nutty": 0.9,
  "odorless": 0.8500000000000001,
  "oily": 0.8500000000000001,
  "onion": 0.30000000000000004,
  "orange": 0.75,
  "orris": 0.8,
  "peach": 0.8500000000000001,
  "pear": 0.8,
  "phenolic": 0.8500000000000001,
  "pine": 0.7000000000000001,
  "pineapple": 0.75,
  "plum": 0.9,
  "pungent": 0.6000000000000001,
  "ripe": 0.30000000000000004,
  "roasted": 0.9,
  "rose": 0.9,
  "rum": 0.7000000000000001,
  "savory": 0.55,
  "sharp": 0.5,
  "smoky": 0.9,
  "solvent": 0.35000000000000003,
  "sour": 0.9,
  "spicy": 0.9,
  "strawberry": 0.5,
  "sulfurous": 0.8500000000000001,
  "sweet": 0.9,
  "tea": 0.8500000000000001,
  "tobacco": 0.8500000000000001,
  "tropical": 0.8,
  "vanilla": 0.5,
  "vegetable": 0.8,
  "violet": 0.9,
  "warm": 0.8500000000000001,
  "waxy": 0.9,
  "winey": 0.9,
  "woody": 0.9,
  "powdery": 0.7000000000000001,
  "minty": 0.9,
  "clean": 0.8500000000000001,
  "cortex": 0.15000000000000002,
  "natural": 0.4,
  "cooling": 0.6000000000000001,
  "geranium": 0.65,
  "jasmin": 0.30000000000000004,
  "rummy": 0.4,
  "hyacinth": 0.8500000000000001,
  "bland": 0.25,
  "amber": 0.4,
  "soapy": 0.5,
  "mild": 0.45,
  "muguet": 0.7000000000000001
}